BOAMP_AVIS_NUM,D_03_01_Typepouvoiradjudicateur_Minautoritenationale,D_03_02_Typepouvoiradjudicateur_Agencenational,D_03_03_Typepouvoiradjudicateur_Autotriteregional,D_03_04_Typepouvoiradjudicateur_Agenceregional,D_03_05_Typepouvoiradjudicateur_Orgdroitpublic,D_03_06_Typepouvoiradjudicateur_Institutioneuropeenne,D_03_07_Typepouvoiradjudicateur_Autre
15-172690,False,False,False,False,True,False,
15-172691,False,False,False,False,True,False,
15-172693,False,False,True,False,False,False,
15-172696,False,False,False,False,True,False,
15-172699,False,False,True,False,False,False,
15-140370,False,False,True,False,False,False,
15-172701,False,False,False,False,True,False,
15-172704,False,False,True,False,False,False,
15-172710,False,False,False,False,True,False,
15-172714,False,False,True,False,False,False,
15-172715,False,False,False,False,True,False,
15-172718,False,False,True,False,False,False,
15-172721,False,False,False,False,False,False,
15-172722,False,False,True,False,False,False,
15-172730,False,False,False,False,True,False,
15-172739,False,False,True,False,False,False,
15-172744,False,False,False,False,False,False,
15-172749,False,False,True,False,False,False,
15-172755,False,False,False,False,False,False,
15-172760,False,False,False,False,True,False,
15-172764,False,False,False,True,False,False,
15-172770,False,False,False,False,True,False,
15-172771,False,False,True,False,False,False,
15-172772,False,False,False,False,True,False,
15-172774,False,False,True,False,False,False,
15-172775,False,False,True,False,False,False,
15-172776,False,False,False,False,False,False,Assemblée parlementaire
15-172778,False,False,True,False,False,False,
15-172779,False,False,True,False,False,False,
15-172783,False,False,True,False,False,False,
15-172785,False,False,True,False,False,False,
15-172789,False,False,False,False,True,False,
15-172792,False,False,False,False,False,False,Etablissement Public de santé
15-172802,False,False,True,False,False,False,
15-172804,False,False,False,False,False,False,
15-172808,False,False,False,False,True,False,
15-172812,False,False,True,False,False,False,
15-172814,False,False,True,False,False,False,
15-172815,False,False,True,False,False,False,
15-172818,False,False,False,False,False,False,
15-172820,False,False,False,False,True,False,
15-172822,False,False,True,False,False,False,
15-172826,False,False,True,False,False,False,
15-172829,False,False,False,False,False,False,
15-172833,True,False,False,False,False,False,
15-172835,False,False,False,False,True,False,
15-172840,False,False,False,False,True,False,
15-172846,False,False,True,False,False,False,
15-172851,False,False,False,False,False,False,Groupement d'Intérêt Public
15-172852,False,False,True,False,False,False,
15-172853,False,False,False,False,False,False,
15-172855,False,False,False,False,True,False,
15-172873,False,False,True,False,False,False,
15-172877,False,False,False,False,True,False,
15-172881,False,False,False,False,False,False,Office Public de l'Habitat
15-172885,False,False,True,False,False,False,
15-172886,False,False,True,False,False,False,
15-172897,False,False,True,False,False,False,
15-172898,False,False,True,False,False,False,
15-172899,False,False,True,False,False,False,
15-172902,False,False,True,False,False,False,
15-172904,False,False,False,False,False,False,
15-172906,False,False,False,False,False,False,EPCI
15-172911,False,False,True,False,False,False,
15-172912,False,False,True,False,False,False,
15-172914,True,False,False,False,False,False,
15-155050,False,False,False,False,True,False,
15-172919,False,False,False,False,False,False,Société d'économie mixte
15-153664,False,False,True,False,False,False,
15-172924,False,False,True,False,False,False,
15-172925,False,False,False,False,True,False,
15-172932,True,False,False,False,False,False,
15-172938,False,False,True,False,False,False,
15-172944,False,False,False,False,True,False,
15-172948,False,False,True,False,False,False,
15-172951,False,False,True,False,False,False,
15-172956,False,False,False,False,True,False,
15-172957,False,False,False,False,False,False,
15-172958,False,False,False,False,False,False,établissement public industriel et commercial
15-172959,True,False,False,False,False,False,
15-172961,False,False,False,False,False,False,
15-172965,False,False,True,False,False,False,
15-172971,False,False,False,False,True,False,
15-172972,False,False,False,False,True,False,
15-172987,False,False,False,False,True,False,
15-172989,False,False,True,False,False,False,
15-172990,False,False,True,False,False,False,
15-172992,False,False,False,True,False,False,
15-173002,False,False,False,False,False,False,
15-173004,False,False,False,False,False,False,
15-173005,False,False,True,False,False,False,
15-173013,False,False,False,False,False,False,
15-173014,False,False,True,False,False,False,
15-173020,False,False,True,False,False,False,
15-173021,False,False,True,False,False,False,
15-173029,False,False,False,False,False,False,EPCI
15-173035,False,False,False,False,True,False,
15-173039,False,False,True,False,False,False,
15-173040,False,False,False,False,False,False,
15-173041,False,False,False,False,True,False,
15-173050,False,False,True,False,False,False,
15-173052,True,False,False,False,False,False,
15-173055,False,False,False,False,True,False,
15-173057,False,False,True,False,False,False,
15-173059,False,False,False,False,False,False,
15-173062,False,False,True,False,False,False,
15-173066,False,False,True,False,False,False,
15-173067,False,False,True,False,False,False,
15-140036,True,False,False,False,False,False,
15-154124,False,False,False,False,True,False,
15-173076,False,False,True,False,False,False,
15-113336,False,False,False,False,False,False,Etablissement public de santé
15-173079,True,False,False,False,False,False,
15-173084,False,False,True,False,False,False,
15-173086,False,False,False,False,False,False,ville
15-173088,False,False,False,False,False,False,
15-173095,False,False,True,False,False,False,
15-173100,False,False,False,False,True,False,
15-139050,False,False,False,False,True,False,
15-173107,False,False,True,False,False,False,
15-173125,False,False,True,False,False,False,
15-173128,False,False,False,False,False,False,
15-173129,False,False,False,False,False,False,
15-173130,False,False,False,False,True,False,
15-173135,True,False,False,False,False,False,
15-173136,False,False,False,False,False,False,
15-173145,False,False,True,False,False,False,
15-173148,False,False,True,False,False,False,
15-173163,False,False,True,False,False,False,
15-140034,False,False,False,False,False,False,Etablissement public autonome
15-173174,False,False,False,False,False,False,
15-173175,False,False,False,False,True,False,
15-173178,False,False,False,True,False,False,
15-173182,False,False,True,False,False,False,
15-173183,False,False,True,False,False,False,
15-173185,False,False,False,False,False,False,collectivité
15-173194,False,False,True,False,False,False,
15-173201,False,False,True,False,False,False,
15-173203,False,False,True,False,False,False,
15-173207,True,False,False,False,False,False,
15-173209,False,False,True,False,False,False,
15-173221,False,False,True,False,False,False,
15-173222,False,False,True,False,False,False,
15-173224,False,False,False,False,False,False,Collectivité Territoriale
15-173227,False,False,True,False,False,False,
15-173228,False,False,False,False,False,False,
15-173229,False,False,True,False,False,False,
15-173233,False,False,True,False,False,False,
15-173235,False,False,True,False,False,False,
15-173240,False,False,False,False,False,False,
15-173242,False,False,True,False,False,False,
15-173246,False,False,True,False,False,False,
15-173249,False,False,True,False,False,False,
15-173255,False,False,False,False,True,False,
15-173257,False,False,False,False,True,False,
15-173263,False,False,True,False,False,False,
15-173274,False,False,False,False,True,False,
15-173283,False,False,True,False,False,False,
15-173286,False,False,False,False,False,False,EPS
15-173288,False,False,False,False,False,False,
15-173289,False,False,True,False,False,False,
15-173294,False,False,True,False,False,False,
15-173297,False,False,False,False,False,False,
15-173298,False,False,False,False,True,False,
15-173299,False,False,False,False,True,False,
15-173303,False,False,False,False,True,False,
15-173304,False,False,False,False,True,False,
15-173307,False,False,False,False,True,False,
15-173308,False,False,False,False,True,False,
15-173316,False,False,False,False,True,False,
15-173318,False,False,True,False,False,False,
15-173323,False,False,False,False,False,False,
15-173325,False,False,True,False,False,False,
15-173326,True,False,False,False,False,False,
15-173328,False,False,False,False,True,False,
15-173330,False,False,False,False,False,False,
15-173343,False,False,False,False,False,False,EPLE - Lycée
15-173344,False,False,True,False,False,False,
15-173347,False,False,True,False,False,False,
15-173353,False,False,True,False,False,False,
15-173358,False,False,False,False,False,False,autre
15-173370,False,False,True,False,False,False,
15-173372,False,False,True,False,False,False,
15-173378,True,False,False,False,False,False,
15-173384,False,False,False,False,True,False,
15-173394,False,False,True,False,False,False,
15-173397,False,False,True,False,False,False,
15-173403,False,False,False,False,False,False,
15-173406,False,False,False,False,False,False,Assemblée parlementaire
15-173409,False,False,True,False,False,False,
15-173415,False,False,False,False,True,False,
15-173418,False,False,False,False,False,False,
15-173419,False,False,False,False,False,False,Établissement Public de Santé (EPS)
15-173420,False,False,False,False,False,False,établissement public de coopération intercommunal
15-173434,False,False,True,False,False,False,
15-173435,True,False,False,False,False,False,
15-173436,False,False,True,False,False,False,
15-173437,False,False,True,False,False,False,
15-173440,False,False,True,False,False,False,
15-173443,False,False,True,False,False,False,
15-173447,False,False,True,False,False,False,
15-173450,False,False,False,False,False,False,office public de l'habitat
15-173451,False,False,True,False,False,False,
15-173456,False,False,False,False,True,False,
15-173457,False,False,False,False,True,False,
15-173463,False,False,True,False,False,False,
15-173464,False,False,False,False,False,False,EPCI
15-173480,False,False,True,False,False,False,
15-173484,False,False,False,False,True,False,
15-173494,False,False,False,False,False,False,
15-173504,False,False,False,False,False,False,EPS
15-173506,False,False,True,False,False,False,
15-173512,False,False,True,False,False,False,
15-173513,True,False,False,False,False,False,
15-173514,False,False,False,False,True,False,
15-173515,False,False,True,False,False,False,
15-173516,False,False,True,False,False,False,
15-173517,False,False,True,False,False,False,
15-173526,False,False,False,False,True,False,
15-173527,False,False,False,False,False,False,
15-173528,False,False,True,False,False,False,
15-173537,False,False,False,False,False,False,
15-173541,False,False,False,False,False,False,SA d'HLM
15-173542,False,False,False,False,False,False,EPCI
15-173555,False,False,False,False,False,False,
15-173556,False,False,False,False,False,False,
15-173561,False,False,False,False,True,False,
15-173568,False,False,False,False,True,False,
15-173578,False,False,False,False,True,False,
15-173582,False,False,True,False,False,False,
15-173589,True,False,False,False,False,False,
15-173591,False,False,False,False,True,False,
15-173595,False,False,False,False,True,False,
15-173603,False,False,False,False,True,False,
15-173619,False,False,True,False,False,False,
15-173620,False,False,True,False,False,False,
15-173625,False,False,True,False,False,False,
15-173628,False,False,False,False,False,False,
15-173634,False,False,False,False,False,False,
15-173635,False,False,False,False,False,False,
15-173637,False,False,True,False,False,False,
15-173641,False,False,True,False,False,False,
15-173643,False,False,False,False,True,False,
15-173646,False,False,False,False,False,False,
15-173649,False,False,True,False,False,False,
15-173664,False,False,False,False,False,False,autre
15-173672,False,False,False,False,True,False,
15-155242,False,False,False,False,True,False,
15-173685,False,False,True,False,False,False,
15-173688,False,False,False,False,True,False,
15-173695,False,False,False,False,False,True,
15-173696,False,False,False,False,True,False,
15-173701,False,False,False,False,False,False,
15-173703,False,False,False,False,True,False,
15-173712,False,False,True,False,False,False,
15-155948,False,False,True,False,False,False,
15-173720,True,False,False,False,False,False,
15-173726,False,False,False,False,True,False,
15-173727,False,False,False,False,True,False,
15-173728,False,False,True,False,False,False,
15-173738,False,False,True,False,False,False,
15-173745,False,False,True,False,False,False,
15-173746,False,False,True,False,False,False,
15-173750,False,False,True,False,False,False,
15-173751,False,False,True,False,False,False,
15-155997,False,True,False,False,False,False,
15-173758,False,False,False,True,False,False,
15-173760,False,False,False,False,True,False,
15-173763,True,False,False,False,False,False,
15-173764,False,False,True,False,False,False,
15-173766,False,False,False,False,False,False,Régie Personnalisée d'exploitation 
15-173767,False,False,False,False,True,False,
15-173777,False,False,False,False,True,False,
15-173782,False,False,False,False,False,False,
15-173785,False,False,False,False,False,False,Syndicat mixte
15-173789,False,False,False,False,False,False,
15-173796,False,False,True,False,False,False,
15-173803,False,False,False,False,False,False,
15-173806,False,False,True,False,False,False,
15-173808,False,False,False,False,False,False,EPCI
15-173810,True,False,False,False,False,False,
15-173814,False,False,False,False,False,False,SOCIETE D'ECONOMIE MIXTE INTERCOMMUNALE POUR L'AMELIORATION DE LA CIRCULATION ET DU STATIONNEMENT
15-173818,False,False,False,False,False,False,
15-173822,False,False,False,False,True,False,
15-173823,False,False,False,False,False,False,EPLE
15-173835,False,False,True,False,False,False,
15-173837,False,False,False,False,False,False,
15-173838,False,False,True,False,False,False,
15-173839,False,False,True,False,False,False,
15-173841,False,False,True,False,False,False,
15-140112,False,False,True,False,False,False,
15-173845,False,False,True,False,False,False,
15-173850,False,False,False,False,True,False,
15-140459,False,False,False,False,False,False,
15-173875,False,False,False,False,False,False,
15-173877,False,False,True,False,False,False,
19-131221,False,False,True,False,False,False,
15-173880,False,False,True,False,False,False,
15-173881,False,False,True,False,False,False,
15-173883,True,False,False,False,False,False,
15-173887,False,False,True,False,False,False,
15-173890,False,False,True,False,False,False,
15-141040,False,False,False,False,True,False,
15-173896,False,False,True,False,False,False,
15-173897,False,False,False,False,False,False,Société titulaire d'une concession d'aménagement
15-173914,False,False,True,False,False,False,
15-173916,False,False,True,False,False,False,
15-173917,False,False,True,False,False,False,
15-173923,False,False,False,False,True,False,
15-173926,False,False,True,False,False,False,
15-173935,False,False,False,False,True,False,
15-173949,False,False,False,True,False,False,
15-173953,False,False,True,False,False,False,
15-173954,True,False,False,False,False,False,
15-173955,False,False,False,False,False,False,
15-173956,False,False,True,False,False,False,
15-173957,False,False,True,False,False,False,
15-173959,False,False,False,False,False,False,
15-173960,False,False,True,False,False,False,
15-173964,False,False,True,False,False,False,
15-173971,False,False,True,False,False,False,
15-140302,False,False,True,False,False,False,
15-173986,True,False,False,False,False,False,
15-173989,False,False,True,False,False,False,
15-173990,False,False,False,False,False,False,
15-173991,False,False,False,False,True,False,
15-173996,False,False,True,False,False,False,
15-173997,False,False,False,False,False,False,
15-173999,False,False,True,False,False,False,
15-174000,False,False,False,False,False,False,
15-174002,False,False,True,False,False,False,
15-174003,False,False,False,False,False,False,
15-174004,False,False,False,False,False,False,autre
15-174005,False,False,True,False,False,False,
15-174009,False,False,False,False,True,False,
15-174017,False,False,False,False,True,False,
15-174023,False,False,True,False,False,False,
15-174028,False,False,False,False,True,False,
15-174029,False,False,False,False,False,False,
15-174039,False,False,False,False,False,False,
15-174043,False,False,False,False,False,False,
15-174044,False,False,False,False,True,False,
15-174045,False,False,True,False,False,False,
15-174047,False,False,True,False,False,False,
15-174048,False,False,False,False,True,False,
15-174053,False,False,True,False,False,False,
15-174057,False,False,True,False,False,False,
15-174058,False,False,True,False,False,False,
15-174062,False,False,True,False,False,False,
15-174064,False,False,False,False,True,False,
15-174065,False,False,False,False,True,False,
15-174066,False,False,False,False,True,False,
15-174070,False,False,False,False,False,False,
15-174072,False,False,False,False,True,False,
15-174074,False,False,True,False,False,False,
15-174075,False,False,True,False,False,False,
15-174082,True,False,False,False,False,False,
15-174088,True,False,False,False,False,False,
15-174089,False,False,False,False,False,False,
15-141183,False,False,False,False,False,False,chambre de métiers
15-174093,False,False,False,False,True,False,
15-174099,False,False,False,False,True,False,
15-174100,False,False,False,False,False,False,
15-174102,True,False,False,False,False,False,
15-174104,True,False,False,False,False,False,
15-174109,False,False,True,False,False,False,
15-174116,False,False,False,False,True,False,
15-174117,False,False,False,False,True,False,
15-174119,True,False,False,False,False,False,
15-174120,False,False,False,True,False,False,
15-174124,False,False,True,False,False,False,
15-174125,False,False,True,False,False,False,
15-174126,False,False,False,False,True,False,
15-174130,False,False,False,False,False,False,Aides à l'étudiant
15-174131,False,False,True,False,False,False,
15-174135,False,False,True,False,False,False,
15-174136,False,False,False,True,False,False,
15-174139,False,False,False,False,False,False,
15-174143,False,False,False,False,True,False,
15-174144,False,False,True,False,False,False,
15-174145,False,False,False,False,False,False,Protection sociale
15-174148,False,False,True,False,False,False,
15-174152,False,False,False,False,False,False,
15-174166,False,False,False,True,False,False,
15-174167,False,False,True,False,False,False,
15-174171,False,False,False,False,True,False,
15-174182,False,False,False,False,True,False,
15-140100,False,False,False,False,False,False,
15-174190,False,False,False,False,False,False,
15-174193,False,False,True,False,False,False,
15-174196,False,False,False,False,False,False,
15-174202,False,False,False,True,False,False,
15-174203,False,False,True,False,False,False,
15-174204,False,False,False,False,False,False,SEM
15-174207,False,False,False,False,False,False,
15-174208,False,False,True,False,False,False,
19-131635,False,False,True,False,False,False,
15-174213,False,False,True,False,False,False,
15-174216,False,True,False,False,False,False,
15-174221,False,False,True,False,False,False,
15-174223,False,False,True,False,False,False,
15-174224,False,False,True,False,False,False,
15-174225,False,False,True,False,False,False,
15-174228,False,False,False,False,True,False,
15-174229,True,False,False,False,False,False,
15-174231,False,False,False,False,False,False,Etablissement public de santé
15-174234,False,False,False,False,False,False,
15-174235,False,False,False,False,True,False,
15-174236,False,False,False,False,False,False,
15-174237,True,False,False,False,False,False,
15-174241,False,False,True,False,False,False,
15-174245,True,False,False,False,False,False,
15-174246,False,False,False,False,False,False,
15-174248,False,False,False,False,False,False,
15-174249,False,False,False,False,False,False,autre
15-174252,False,False,True,False,False,False,
15-174258,False,False,True,False,False,False,
15-174263,True,False,False,False,False,False,
15-174265,False,False,True,False,False,False,
15-174266,False,False,False,False,True,False,
15-174267,False,False,False,False,True,False,
15-174272,False,False,False,False,True,False,
15-174276,False,False,False,False,False,False,
15-174283,False,False,False,False,False,False,
15-174286,False,False,True,False,False,False,
15-174294,False,False,False,False,True,False,
15-174297,False,False,False,False,False,False,
15-174299,False,False,True,False,False,False,
15-174300,False,False,True,False,False,False,
15-174309,False,False,True,False,False,False,
15-174311,False,False,True,False,False,False,
15-174312,False,False,True,False,False,False,
15-174313,False,False,True,False,False,False,
15-174314,False,False,True,False,False,False,
15-174315,False,False,True,False,False,False,
15-174318,False,False,True,False,False,False,
15-174319,False,False,True,False,False,False,
15-174323,False,False,True,False,False,False,
15-174327,False,False,True,False,False,False,
15-174328,False,False,False,False,False,False,
15-174330,False,False,False,False,True,False,
15-174331,False,False,False,False,True,False,
15-174337,False,False,True,False,False,False,
15-174341,False,False,False,False,False,False,
15-174344,False,False,False,False,False,False,
15-174350,False,False,True,False,False,False,
15-174352,False,False,True,False,False,False,
15-174357,False,False,False,False,True,False,
15-174359,False,False,True,False,False,False,
15-174361,False,False,False,False,False,False,
15-174362,False,False,False,False,False,False,
15-174368,False,False,True,False,False,False,
15-174371,False,False,False,False,False,False,
15-174384,False,False,True,False,False,False,
15-174385,False,False,True,False,False,False,
15-174387,False,False,False,False,False,False,
15-174389,False,False,False,False,False,False,
19-131466,False,False,True,False,False,False,
15-174393,False,False,False,False,True,False,
15-174396,False,False,True,False,False,False,
15-174397,False,False,True,False,False,False,
15-174401,False,False,False,False,True,False,
15-174406,False,False,False,False,True,False,
15-174419,False,False,False,False,True,False,
15-174420,True,False,False,False,False,False,
15-174422,False,False,True,False,False,False,
15-174427,False,False,True,False,False,False,
15-174431,False,False,False,False,True,False,
15-174433,False,False,True,False,False,False,
15-140789,False,False,True,False,False,False,
15-174438,False,False,True,False,False,False,
15-174448,False,False,False,False,True,False,
15-174451,False,False,False,False,True,False,
15-174452,False,False,False,False,True,False,
15-174455,False,False,False,False,False,False,
15-174460,False,False,False,False,False,False,
15-174469,True,False,False,False,False,False,
15-174470,True,False,False,False,False,False,
15-174473,False,False,False,False,False,False,Collectivité territoriale
15-174482,False,False,False,False,False,False,
15-174484,False,False,True,False,False,False,
15-174486,False,False,True,False,False,False,
15-174493,False,False,True,False,False,False,
15-174494,False,False,True,False,False,False,
15-174495,False,False,True,False,False,False,
15-174496,False,False,True,False,False,False,
15-174500,True,False,False,False,False,False,
15-174509,False,False,False,False,False,False,santé
15-174516,True,False,False,False,False,False,
15-174518,False,False,True,False,False,False,
15-174519,False,False,False,False,True,False,
15-174522,False,False,True,False,False,False,
15-174526,False,False,True,False,False,False,
15-174527,False,False,True,False,False,False,
15-174530,False,False,False,True,False,False,
15-174539,False,False,True,False,False,False,
15-174542,False,False,True,False,False,False,
15-174545,True,False,False,False,False,False,
15-174547,False,False,False,False,False,False,
15-174548,True,False,False,False,False,False,
15-174549,False,False,False,False,False,False,
15-174550,False,False,True,False,False,False,
15-174551,False,False,False,False,False,False,
19-131336,False,False,False,False,True,False,
15-174553,False,False,True,False,False,False,
15-174559,True,False,False,False,False,False,
15-174560,False,False,False,False,False,False,
15-174571,False,False,False,False,True,False,
15-174581,False,False,False,False,True,False,
15-174582,False,False,True,False,False,False,
15-174583,False,False,True,False,False,False,
15-140450,False,False,True,False,False,False,
15-174586,False,False,True,False,False,False,
15-174590,False,False,True,False,False,False,
15-174591,False,False,True,False,False,False,
15-174598,False,False,True,False,False,False,
15-174603,False,False,False,False,False,False,
15-174607,False,False,False,False,True,False,
15-174608,True,False,False,False,False,False,
15-174615,False,False,True,False,False,False,
15-174618,False,False,False,False,False,False,
15-174619,True,False,False,False,False,False,
15-174625,False,False,True,False,False,False,
15-174628,False,False,False,False,True,False,
15-174629,False,False,False,False,True,False,
15-174638,False,False,False,False,False,False,SA HLM
15-174650,False,False,False,False,False,False,Etablissement de coopération intercommunale
15-174654,False,False,True,False,False,False,
15-174655,False,False,False,False,True,False,
15-174656,False,False,False,False,True,False,
15-174657,False,False,True,False,False,False,
15-174658,True,False,False,False,False,False,
15-174669,False,False,True,False,False,False,
15-174674,False,False,True,False,False,False,
15-174676,False,False,True,False,False,False,
15-174677,False,False,False,False,True,False,
15-174678,False,False,True,False,False,False,
15-174683,False,False,False,False,False,False,Etablissement public territorial - Etablissement Public de Coopération Intercommunale.
15-174692,False,False,False,False,True,False,
15-174694,False,False,True,False,False,False,
15-141813,True,False,False,False,False,False,
15-174702,False,False,False,False,False,False,
15-174705,False,False,False,False,False,False,assurance maladie
15-174707,False,False,True,False,False,False,
15-174708,False,False,False,False,True,False,
15-174712,False,True,False,False,False,False,
15-174713,False,False,True,False,False,False,
15-174718,False,False,False,False,False,False,
15-174721,False,False,True,False,False,False,
15-174727,False,False,True,False,False,False,
15-174730,False,False,False,True,False,False,
15-174741,False,False,False,False,False,False,
15-174744,False,False,False,False,False,False,
15-174745,False,False,True,False,False,False,
15-174749,False,False,False,False,True,False,
15-174754,False,False,False,False,False,False,santé
15-174758,False,False,False,False,False,False,
15-174770,True,False,False,False,False,False,
15-174775,False,False,False,False,False,False,
15-174776,True,False,False,False,False,False,
15-174777,False,False,False,False,True,False,
15-174782,True,False,False,False,False,False,
15-174788,False,False,False,False,True,False,
15-174789,False,False,False,False,True,False,
15-174799,False,False,False,False,True,False,
15-174801,True,False,False,False,False,False,
15-174802,False,False,False,False,True,False,
15-174805,False,False,True,False,False,False,
15-174806,False,False,True,False,False,False,
15-141084,False,False,False,False,True,False,
15-174811,False,False,False,False,False,False,
15-174819,False,False,True,False,False,False,
15-174822,False,False,False,False,False,False,
15-174823,False,False,True,False,False,False,
15-174825,False,False,False,False,False,False,
15-174829,False,False,True,False,False,False,
15-174832,False,False,True,False,False,False,
15-174834,False,False,False,False,True,False,
15-174838,False,False,False,False,False,False,
15-174841,False,False,True,False,False,False,
15-174842,False,False,False,False,True,False,
15-174844,False,False,True,False,False,False,
15-174852,False,False,False,False,True,False,
15-174860,False,False,False,False,True,False,
15-174863,False,False,True,False,False,False,
15-174864,True,False,False,False,False,False,
15-174866,True,False,False,False,False,False,
15-174868,False,False,False,False,True,False,
15-174869,False,False,False,False,True,False,
15-174871,False,False,True,False,False,False,
15-174873,False,False,True,False,False,False,
15-174877,False,False,True,False,False,False,
15-174879,False,False,True,False,False,False,
15-174880,False,False,True,False,False,False,
15-174881,False,False,True,False,False,False,
15-174882,False,False,True,False,False,False,
15-174885,False,False,False,False,False,False,
15-174892,False,False,True,False,False,False,
15-174895,False,False,True,False,False,False,
15-174897,False,False,False,False,False,False,
15-174902,True,False,False,False,False,False,
15-174903,False,False,False,False,True,False,
15-174908,False,False,True,False,False,False,
15-174909,True,False,False,False,False,False,
15-174911,False,False,False,False,False,False,
15-174920,False,False,True,False,False,False,
15-174921,False,False,True,False,False,False,
15-174923,False,False,True,False,False,False,
15-174926,False,False,False,False,True,False,
15-174930,False,False,False,False,True,False,
15-174938,False,False,True,False,False,False,
15-174939,False,False,False,False,True,False,
15-174941,False,False,True,False,False,False,
15-174943,True,False,False,False,False,False,
15-174950,False,False,True,False,False,False,
15-174954,False,False,True,False,False,False,
15-156365,False,False,False,False,False,False,
15-174967,True,False,False,False,False,False,
15-142881,False,False,False,False,True,False,
15-174975,True,False,False,False,False,False,
15-154058,False,False,True,False,False,False,
15-174980,False,False,False,False,True,False,
15-174982,False,False,False,False,True,False,
15-174984,False,False,True,False,False,False,
15-174986,False,False,False,False,True,False,
15-174988,False,False,True,False,False,False,
15-174990,True,False,False,False,False,False,
15-174992,False,False,False,False,False,False,Assemblée parlementaire
15-174998,False,False,False,False,True,False,
15-175001,False,False,True,False,False,False,
15-175004,False,False,True,False,False,False,
15-175014,False,False,True,False,False,False,
15-175015,False,False,False,False,False,False,Groupement de commandes publiques : Département de la Lozère / S.D.I.S. 48
15-175016,False,False,False,False,False,False,
15-158094,False,False,False,False,False,False,Etablissement public de santé
15-175018,False,False,False,False,False,False,
15-175026,False,False,True,False,False,False,
15-175028,False,False,True,False,False,False,
15-175032,False,False,True,False,False,False,
15-175035,False,False,False,False,False,False,
15-142597,True,False,False,False,False,False,
15-175043,False,False,False,False,True,False,
15-142420,False,False,True,False,False,False,
15-175062,False,False,True,False,False,False,
15-175064,False,False,True,False,False,False,
15-142735,False,False,False,False,True,False,
15-175071,False,False,False,False,True,False,
15-175075,True,False,False,False,False,False,
15-175079,False,False,False,False,True,False,
15-175085,False,False,True,False,False,False,
15-175092,False,False,False,False,False,False,
15-175097,False,False,False,False,False,False,
15-175099,True,False,False,False,False,False,
15-142045,False,False,False,False,True,False,
15-175109,False,False,True,False,False,False,
15-175110,False,False,True,False,False,False,
15-142876,False,False,True,False,False,False,
15-175117,False,False,True,False,False,False,
15-175119,False,False,True,False,False,False,
15-175125,False,False,True,False,False,False,
15-175126,True,False,False,False,False,False,
15-175129,False,False,True,False,False,False,
15-156547,False,False,True,False,False,False,
15-175132,False,False,True,False,False,False,
15-175135,False,False,True,False,False,False,
15-175140,False,False,False,False,True,False,
15-175144,False,False,False,False,True,False,
15-175145,False,False,True,False,False,False,
15-175147,False,False,True,False,False,False,
15-175150,False,False,True,False,False,False,
15-175153,False,False,True,False,False,False,
15-175159,False,False,False,False,True,False,
15-175161,False,False,True,False,False,False,
15-175162,False,False,False,False,False,False,
15-175163,False,False,False,True,False,False,
15-175169,False,False,True,False,False,False,
15-175170,False,False,True,False,False,False,
15-175175,False,False,True,False,False,False,
15-175183,False,False,True,False,False,False,
15-175193,False,False,True,False,False,False,
15-175194,False,False,True,False,False,False,
15-175196,False,False,True,False,False,False,
15-175197,False,False,False,False,True,False,
15-175205,True,False,False,False,False,False,
15-175207,False,False,True,False,False,False,
15-175209,False,False,True,False,False,False,
15-175210,False,False,False,False,True,False,
15-175216,False,False,False,False,True,False,
15-175217,False,False,False,False,False,False,Collectivité territoriale
15-175220,False,False,False,False,False,False,
15-175225,False,False,True,False,False,False,
15-175229,False,False,False,False,False,False,
15-175234,False,False,False,False,True,False,
15-175242,False,False,False,False,False,False,
15-175247,False,False,False,False,True,False,
15-175250,False,False,True,False,False,False,
15-175251,True,False,False,False,False,False,
15-175252,False,False,True,False,False,False,
15-175253,False,False,False,False,False,True,
15-175257,False,False,False,False,True,False,
15-175258,False,False,True,False,False,False,
15-175264,False,False,False,False,True,False,
15-175268,False,False,False,False,False,False,
15-175271,False,False,False,False,True,False,
15-175272,False,False,False,False,True,False,
15-175273,False,False,True,False,False,False,
15-175274,False,False,False,False,False,False,
15-175275,False,False,True,False,False,False,
15-175276,False,False,False,False,True,False,
15-175278,False,False,True,False,False,False,
15-175279,False,False,False,False,False,False,Syndicat Mixte
15-175283,False,False,False,False,False,False,Transports
15-175286,False,False,True,False,False,False,
15-141398,False,False,False,False,True,False,
15-175304,False,False,False,False,False,False,
15-175306,False,False,True,False,False,False,
15-175307,False,False,False,False,True,False,
15-175311,False,False,True,False,False,False,
15-175312,False,False,False,False,True,False,
15-175321,False,False,False,False,False,False,Association
15-175324,False,False,False,False,False,False,
15-175327,False,False,False,False,True,False,
15-175332,False,False,True,False,False,False,
15-175333,False,False,False,False,True,False,
15-175337,False,False,False,False,False,False,Syndicat mixte
15-175341,False,False,False,False,False,False,SDIS
15-175346,False,False,True,False,False,False,
15-175353,False,False,False,False,False,False,
15-175356,False,False,False,False,True,False,
15-175362,True,False,False,False,False,False,
15-175367,False,False,True,False,False,False,
15-175368,False,False,True,False,False,False,
15-175370,False,False,True,False,False,False,
15-175380,False,False,False,False,True,False,
15-175382,False,False,True,False,False,False,
15-175388,False,False,True,False,False,False,
15-175390,False,False,False,False,False,False,
15-175392,False,False,False,False,True,False,
15-175397,False,False,False,False,True,False,
15-175399,False,False,False,False,True,False,
15-175409,False,False,True,False,False,False,
15-175410,False,False,False,False,False,False,
15-175414,False,False,True,False,False,False,
15-175421,False,False,True,False,False,False,
15-175424,False,False,False,False,True,False,
15-175433,False,False,False,False,False,False,
15-175441,False,False,False,False,False,False,
15-175446,False,False,True,False,False,False,
15-175450,False,False,False,False,False,False,établissement public départemental
15-175452,False,False,False,False,True,False,
15-175454,False,False,True,False,False,False,
15-175461,False,False,True,False,False,False,
15-175465,False,False,False,False,True,False,
15-175468,False,False,False,False,True,False,
15-175469,False,False,False,False,False,False,
15-175471,False,False,False,False,True,False,
15-175476,False,False,False,False,False,False,Etablissement public
15-175477,False,False,False,False,True,False,
15-175480,False,False,False,False,True,False,
15-175481,False,False,False,False,False,False,
15-175485,False,False,True,False,False,False,
15-175488,False,False,True,False,False,False,
15-175493,False,False,False,False,False,False,
15-175495,True,False,False,False,False,False,
15-175500,False,False,False,False,False,False,Enseignement
15-175512,False,False,False,False,False,False,Communauté de Communes
15-175519,False,False,False,False,True,False,
15-175520,False,False,False,False,False,False,Société d'économie mixte
15-175524,False,False,False,False,True,False,
15-175527,False,False,True,False,False,False,
15-175531,False,False,True,False,False,False,
15-175534,False,False,True,False,False,False,
15-175541,True,False,False,False,False,False,
15-175547,False,False,False,False,True,False,
15-175549,False,False,True,False,False,False,
15-175550,False,False,True,False,False,False,
15-175551,False,False,True,False,False,False,
15-175556,False,False,False,False,False,False,
15-175557,False,False,True,False,False,False,
15-157734,False,False,False,False,True,False,
15-175562,False,False,False,False,False,False,
15-175563,False,False,True,False,False,False,
15-175567,False,False,False,False,False,False,
15-175568,False,False,False,False,False,False,
15-175577,False,True,False,False,False,False,
15-175578,False,False,False,False,True,False,
15-175588,False,False,False,False,False,False,autre
15-175590,False,False,True,False,False,False,
15-175592,False,False,False,False,True,False,
15-175595,False,False,True,False,False,False,
15-175597,False,False,False,False,True,False,
15-175599,False,False,True,False,False,False,
15-175600,False,False,True,False,False,False,
15-175601,False,False,False,False,False,False,autre
15-175602,False,False,False,False,True,False,
15-175605,False,False,False,False,True,False,
15-175609,False,False,False,False,False,False,
15-175610,False,False,True,False,False,False,
15-175611,False,False,True,False,False,False,
15-175614,False,False,True,False,False,False,
15-175615,False,False,False,False,False,False,
15-175616,False,False,False,False,True,False,
15-175617,False,False,True,False,False,False,
15-175625,False,False,True,False,False,False,
15-175629,False,False,False,False,True,False,
15-175630,False,False,False,False,True,False,
15-175634,False,False,False,False,True,False,
15-175636,False,False,True,False,False,False,
15-175638,False,False,False,False,False,False,autre
15-175639,True,False,False,False,False,False,
15-175642,False,False,False,False,False,False,
15-175644,False,False,True,False,False,False,
15-175659,False,False,True,False,False,False,
15-161805,False,False,False,False,False,False,Collectivité territoriale.
15-175662,False,False,False,False,True,False,
15-175673,False,False,True,False,False,False,
15-175677,False,False,False,False,False,False,
15-175679,False,False,False,False,False,False,Aménageur privé
15-175682,False,False,True,False,False,False,
15-161946,False,False,False,False,True,False,
15-175690,False,False,False,False,False,False,ORGANISME DE SECURITE SOCIALE
15-162993,False,False,False,False,False,False,
15-175698,False,False,False,False,True,False,
15-175701,False,False,False,True,False,False,
15-175716,False,False,True,False,False,False,
15-175721,False,False,True,False,False,False,
15-175722,False,False,False,False,False,False,
15-175725,False,False,True,False,False,False,
15-175727,False,False,True,False,False,False,
15-175732,False,False,True,False,False,False,
15-175737,False,False,True,False,False,False,
15-175739,False,False,True,False,False,False,
15-175750,False,False,True,False,False,False,
15-175754,False,False,True,False,False,False,
15-175759,False,False,False,False,True,False,
15-175762,False,False,False,False,False,False,Etablissement public
15-175764,False,False,False,False,True,False,
15-175770,False,False,True,False,False,False,
15-175772,False,False,True,False,False,False,
15-175773,False,False,True,False,False,False,
15-175778,False,False,False,False,False,False,Syndicat Mixte des Transports Urbains
15-175785,False,False,True,False,False,False,
15-175805,False,False,True,False,False,False,
15-175806,False,False,False,False,True,False,
15-175807,False,False,True,False,False,False,
15-175808,False,False,False,False,True,False,
15-175811,False,False,True,False,False,False,
15-175812,False,False,True,False,False,False,
15-175815,False,False,True,False,False,False,
15-175828,False,False,True,False,False,False,
15-175831,False,False,False,False,True,False,
15-175832,False,False,False,False,True,False,
15-175836,False,False,True,False,False,False,
15-175837,True,False,False,False,False,False,
15-175841,False,False,True,False,False,False,
15-175842,False,False,True,False,False,False,
15-175845,True,False,False,False,False,False,
15-175846,False,False,False,False,True,False,
15-175848,False,False,False,False,True,False,
15-175849,False,False,True,False,False,False,
15-175851,True,False,False,False,False,False,
15-175854,False,False,True,False,False,False,
15-175857,False,False,True,False,False,False,
15-175859,False,False,True,False,False,False,
15-175861,False,False,True,False,False,False,
15-175875,False,False,True,False,False,False,
15-175876,False,False,True,False,False,False,
15-175877,False,False,True,False,False,False,
15-175886,False,False,False,False,False,False,CHU
15-175896,True,False,False,False,False,False,
15-175898,False,False,False,False,False,False,
15-175900,False,False,True,False,False,False,
15-175905,True,False,False,False,False,False,
15-163023,False,False,False,False,True,False,
15-147074,False,False,False,False,False,False,collectivité territoriale
15-175910,False,False,True,False,False,False,
15-175922,False,False,False,False,True,False,
15-175925,True,False,False,False,False,False,
15-175928,False,False,False,False,True,False,
15-175930,False,False,True,False,False,False,
15-175938,False,False,True,False,False,False,
15-175942,True,False,False,False,False,False,
15-175944,False,False,True,False,False,False,
15-175945,False,False,True,False,False,False,
15-175949,True,False,False,False,False,False,
15-175954,False,False,False,False,False,False,Etablissement Public de Santé
15-175955,False,False,False,True,False,False,
15-175958,False,False,True,False,False,False,
15-175960,False,False,True,False,False,False,
15-175961,False,False,False,False,True,False,
15-175965,False,False,True,False,False,False,
15-175967,False,False,False,False,False,False,Centrale d'achat public au sens des articles 9 et 31 du code des marchés publics
15-175969,False,False,True,False,False,False,
15-175970,False,False,True,False,False,False,
15-175971,False,False,True,False,False,False,
15-163429,False,False,False,False,True,False,
15-175975,False,False,False,False,True,False,
15-175981,False,False,True,False,False,False,
15-175985,False,False,True,False,False,False,
15-175988,False,False,False,False,True,False,
15-175991,False,False,False,False,False,False,
15-146742,True,False,False,False,False,False,
15-175993,False,False,False,False,True,False,
15-175995,False,False,True,False,False,False,
15-175999,True,False,False,False,False,False,
15-176005,True,False,False,False,False,False,
15-147254,False,False,True,False,False,False,
15-176011,False,False,False,False,False,False,
15-176013,False,False,False,False,True,False,
15-176016,False,False,True,False,False,False,
15-176024,True,False,False,False,False,False,
15-176032,False,False,True,False,False,False,
15-176037,False,False,False,False,True,False,
15-176041,False,False,False,False,False,False,Etablissement public local
15-176043,False,False,False,False,False,False,
15-176047,False,False,False,False,True,False,
15-176048,False,False,False,False,False,False,
15-176049,False,False,True,False,False,False,
15-161650,True,False,False,False,False,False,
15-176059,True,False,False,False,False,False,
15-176060,True,False,False,False,False,False,
15-176063,False,False,True,False,False,False,
15-176064,False,False,False,False,False,False,
15-176074,False,False,True,False,False,False,
15-176076,False,False,False,False,True,False,
15-176077,False,False,False,False,True,False,
15-176078,False,False,False,False,True,False,
15-176081,False,False,True,False,False,False,
15-176082,False,False,True,False,False,False,
15-176083,False,False,True,False,False,False,
15-176092,False,False,True,False,False,False,
15-176093,False,False,False,False,True,False,
15-176104,False,False,False,False,False,False,Société d'Economie Mixte
15-176113,False,False,False,False,False,False,
15-176114,False,False,True,False,False,False,
19-86235,False,False,False,False,False,False,CHU
15-176118,False,False,False,False,False,False,autre
15-176122,False,False,False,False,True,False,
15-176125,False,False,False,False,False,False,
15-176127,False,False,False,False,False,False,
15-176131,False,False,True,False,False,False,
15-176135,False,False,False,False,True,False,
15-176139,False,False,False,True,False,False,
15-176140,False,False,False,False,True,False,
15-176141,False,False,True,False,False,False,
15-176146,False,False,False,True,False,False,
15-176149,False,False,True,False,False,False,
15-176156,False,False,True,False,False,False,
15-176185,False,False,False,False,True,False,
15-176186,False,False,True,False,False,False,
15-176187,False,False,False,False,False,False,
15-176192,False,False,True,False,False,False,
15-176197,False,False,True,False,False,False,
15-176198,False,False,True,False,False,False,
15-142563,False,False,True,False,False,False,
15-176205,True,False,False,False,False,False,
15-176211,True,False,False,False,False,False,
15-176214,False,False,False,False,True,False,
15-176220,False,False,False,False,True,False,
15-176221,False,False,False,False,False,False,Syndicat mixte fermé à la carte
15-176228,False,False,False,False,True,False,
15-176232,False,False,True,False,False,False,
15-176238,False,False,True,False,False,False,
15-176243,False,False,True,False,False,False,
15-176245,False,False,False,False,False,False,
15-176246,False,False,True,False,False,False,
15-176250,False,False,True,False,False,False,
15-176254,False,False,False,False,True,False,
15-142596,False,False,True,False,False,False,
15-176259,False,False,True,False,False,False,
15-176266,False,False,False,False,True,False,
15-176269,False,False,False,False,False,False,ENTITE ADJUDICATRICE
15-176270,False,False,True,False,False,False,
15-176273,True,False,False,False,False,False,
15-176274,False,False,False,False,False,False,Collectivité territoriale
15-176276,False,False,True,False,False,False,
15-176277,False,False,True,False,False,False,
15-176279,False,False,False,False,True,False,
15-176281,False,False,True,False,False,False,
15-176284,True,False,False,False,False,False,
15-176286,False,False,True,False,False,False,
15-176288,False,False,False,False,False,False,
15-176290,False,False,False,False,True,False,
15-176291,False,False,False,False,True,False,
15-176292,False,False,False,False,True,False,
15-176295,False,False,False,False,False,False,
15-156906,True,False,False,False,False,False,
15-176304,False,False,True,False,False,False,
15-176306,False,False,True,False,False,False,
15-176307,False,False,True,False,False,False,
15-176308,False,False,True,False,False,False,
15-176309,False,False,True,False,False,False,
15-176310,False,False,False,False,True,False,
15-176311,False,False,False,False,False,False,
15-176322,False,False,False,False,True,False,
15-176324,False,False,True,False,False,False,
15-176326,False,False,False,False,False,False,
15-176329,False,False,False,False,True,False,
15-176332,False,False,False,False,True,False,
15-176333,False,False,False,False,False,False,
15-176335,False,False,True,False,False,False,
15-176336,False,False,True,False,False,False,
15-176344,False,False,False,False,False,False,
15-156428,False,False,False,False,True,False,
15-176355,True,False,False,False,False,False,
15-139595,False,False,True,False,False,False,
15-176361,True,False,False,False,False,False,
15-176365,False,False,False,False,True,False,
15-176366,False,False,False,False,True,False,
15-176367,True,False,False,False,False,False,
15-141532,False,False,False,False,False,False,
15-176369,False,False,False,False,True,False,
15-176376,False,False,True,False,False,False,
15-176377,False,False,True,False,False,False,
15-176379,False,False,True,False,False,False,
15-176380,False,False,True,False,False,False,
15-176381,True,False,False,False,False,False,
15-176384,False,False,True,False,False,False,
15-176388,False,False,True,False,False,False,
15-176393,False,False,True,False,False,False,
15-176401,False,False,False,False,True,False,
15-142097,False,False,True,False,False,False,
15-176406,False,False,True,False,False,False,
15-81835,False,False,False,False,False,False,Etablissement public de santé
15-176408,False,False,False,False,True,False,
15-176412,False,False,True,False,False,False,
15-176422,False,False,False,False,True,False,
15-176425,False,False,True,False,False,False,
15-176426,False,False,True,False,False,False,
15-176430,False,False,False,False,True,False,
15-176439,True,False,False,False,False,False,
15-176446,False,False,True,False,False,False,
15-176448,False,False,True,False,False,False,
15-176449,False,False,False,False,False,False,
15-176451,False,False,False,False,True,False,
15-176455,True,False,False,False,False,False,
15-176456,False,False,True,False,False,False,
15-176457,True,False,False,False,False,False,
15-176461,False,False,False,False,True,False,
15-176464,False,False,False,False,True,False,
15-157782,False,False,False,False,False,False,
15-176469,False,False,False,False,False,False,EPCI
15-176472,False,False,False,False,True,False,
15-176478,False,False,False,False,True,False,
15-176485,False,False,True,False,False,False,
15-176487,True,False,False,False,False,False,
15-176488,False,False,True,False,False,False,
15-176489,False,False,False,False,False,False,
15-176490,False,False,True,False,False,False,
15-176492,True,False,False,False,False,False,
15-176493,False,False,False,False,True,False,
15-176497,False,False,True,False,False,False,
15-176500,True,False,False,False,False,False,
15-176501,False,False,False,False,False,False,
15-176509,False,False,True,False,False,False,
15-176512,False,False,True,False,False,False,
15-176519,False,False,False,False,False,False,
15-176520,False,False,False,False,True,False,
15-176524,False,False,False,False,True,False,
15-176527,True,False,False,False,False,False,
15-176528,False,False,True,False,False,False,
15-176530,False,False,True,False,False,False,
15-176532,False,False,True,False,False,False,
15-176534,False,False,True,False,False,False,
15-176535,False,False,False,False,True,False,
15-176538,False,False,True,False,False,False,
15-158750,False,False,False,False,False,False,
15-176540,False,False,True,False,False,False,
15-142042,False,False,True,False,False,False,
15-176544,False,False,True,False,False,False,
15-176546,True,False,False,False,False,False,
15-176547,False,False,False,False,False,False,
15-176552,False,False,False,False,True,False,
15-176557,False,False,False,False,False,False,
15-176572,False,False,True,False,False,False,
15-176575,False,False,True,False,False,False,
15-176577,False,False,True,False,False,False,
15-176580,False,False,False,False,False,False,
15-176583,False,False,False,True,False,False,
15-176585,False,False,False,False,False,False,
15-176586,False,False,False,False,False,False,Etablissement Public à caractère Industriel et Commercial
15-176588,False,False,False,False,True,False,
15-176594,False,False,True,False,False,False,
15-176595,False,False,False,False,False,False,santé
15-176605,False,False,True,False,False,False,
15-176606,False,False,True,False,False,False,
15-176608,False,False,True,False,False,False,
15-176609,False,False,False,False,False,False,
15-176618,False,False,False,False,False,False,
15-176623,False,False,False,False,False,False,
15-176628,False,False,False,False,False,False,
15-176634,False,False,False,False,False,False,
15-176635,False,False,True,False,False,False,
15-176636,False,False,False,False,True,False,
15-176639,False,False,False,False,True,False,
15-176640,False,False,True,False,False,False,
15-176641,False,False,False,False,False,False,
15-176642,False,False,True,False,False,False,
15-176644,True,False,False,False,False,False,
15-176653,False,False,False,False,True,False,
15-176655,False,False,False,False,True,False,
15-176657,False,False,False,False,True,False,
15-176659,False,False,False,False,True,False,
15-176665,False,False,False,False,True,False,
15-176670,False,False,False,False,False,False,
15-176674,False,False,True,False,False,False,
15-121618,False,False,True,False,False,False,
15-176689,False,False,True,False,False,False,
15-176691,False,False,True,False,False,False,
15-176697,False,False,False,False,False,False,Collectivité territoriale
15-176700,False,False,True,False,False,False,
15-176706,False,False,False,False,False,False,
15-176711,False,False,False,False,False,False,
15-134568,False,False,True,False,False,False,
15-176714,False,False,True,False,False,False,
15-176719,False,False,False,False,False,False,Collectivité territoriale
15-176723,False,False,True,False,False,False,
15-176726,False,False,True,False,False,False,
15-176728,False,False,False,False,True,False,
15-176730,False,False,True,False,False,False,
15-176731,False,False,False,True,False,False,
15-176737,False,False,True,False,False,False,
15-176738,False,False,False,False,True,False,
15-176750,False,False,False,False,False,False,commune
15-176754,False,False,False,False,True,False,
15-176762,False,False,False,False,True,False,
15-176763,False,False,False,False,False,False,
15-176769,False,False,False,False,True,False,
15-176772,True,False,False,False,False,False,
15-176773,False,False,True,False,False,False,
15-176774,False,False,True,False,False,False,
15-176782,True,False,False,False,False,False,
15-176783,False,False,False,False,False,False,Collectivité territoriale
15-176784,False,False,True,False,False,False,
15-176787,False,False,False,False,True,False,
15-176790,False,False,True,False,False,False,
15-176794,True,False,False,False,False,False,
15-176796,False,False,False,False,False,False,
15-176801,True,False,False,False,False,False,
15-176803,True,False,False,False,False,False,
15-176805,True,False,False,False,False,False,
15-176814,False,False,False,False,False,False,
15-176815,False,False,True,False,False,False,
15-176820,True,False,False,False,False,False,
15-176831,False,False,True,False,False,False,
15-176838,False,False,True,False,False,False,
15-176840,False,False,True,False,False,False,
15-176841,True,False,False,False,False,False,
15-176843,False,False,False,False,False,False,S.A d'H.L.M
15-176844,False,False,False,False,False,False,EPCI
15-176848,False,False,True,False,False,False,
15-176854,False,False,False,False,True,False,
15-176855,False,False,True,False,False,False,
15-176859,False,False,True,False,False,False,
15-142847,False,False,False,False,False,False,
15-160793,False,False,True,False,False,False,
15-176872,False,False,False,False,True,False,
15-176874,False,False,False,False,True,False,
15-176877,False,False,True,False,False,False,
15-176878,False,False,False,False,True,False,
15-158317,False,False,False,False,True,False,
15-176885,False,False,False,False,True,False,
15-176886,True,False,False,False,False,False,
15-176892,False,False,True,False,False,False,
15-176896,False,False,False,False,False,False,
15-176897,False,False,False,False,False,False,OPH
15-176906,False,False,True,False,False,False,
15-176907,False,False,True,False,False,False,
15-176908,False,False,True,False,False,False,
15-176913,False,False,True,False,False,False,
15-176917,False,False,False,False,False,False,EPS
15-176924,False,False,False,True,False,False,
15-176925,False,False,True,False,False,False,
15-176926,False,False,True,False,False,False,
15-176928,False,False,False,False,False,False,Centre Hospitalier
15-176933,False,False,False,False,True,False,
15-176937,False,False,True,False,False,False,
15-176940,False,False,True,False,False,False,
15-176941,False,False,False,False,False,False,
15-176942,False,False,False,False,True,False,
15-176945,False,False,False,False,False,False,
15-176946,False,False,True,False,False,False,
15-176960,False,False,True,False,False,False,
15-176972,False,False,False,False,True,False,
15-176976,True,False,False,False,False,False,
15-176979,False,False,True,False,False,False,
15-176981,False,False,False,False,False,False,Etablissement public de santé
15-176990,False,False,True,False,False,False,
15-176994,False,False,False,False,False,False,
15-177000,False,False,True,False,False,False,
15-177005,False,False,True,False,False,False,
15-177006,False,False,True,False,False,False,
15-177007,False,False,True,False,False,False,
15-177015,False,False,True,False,False,False,
15-177033,False,False,False,False,True,False,
15-177035,False,False,False,False,True,False,
15-177037,False,False,True,False,False,False,
15-177038,False,False,False,False,True,False,
15-177039,False,False,True,False,False,False,
15-177040,False,False,False,False,True,False,
15-177042,False,False,True,False,False,False,
15-143191,False,False,False,False,True,False,
15-177050,False,False,False,False,True,False,
15-177054,False,False,False,False,False,False,
15-177059,False,False,False,False,False,False,
15-177060,False,False,False,False,False,False,
15-177061,False,True,False,False,False,False,
15-177063,False,False,True,False,False,False,
15-177064,False,False,False,False,False,False,
15-177065,False,False,True,False,False,False,
15-177067,False,False,True,False,False,False,
15-177069,False,False,False,False,True,False,
15-177074,False,False,True,False,False,False,
15-143307,False,False,False,False,True,False,
15-142965,False,False,True,False,False,False,
15-177079,False,False,False,False,False,False,Syndicat Mixte des Transports Urbains
15-177080,False,False,True,False,False,False,
15-177081,False,False,True,False,False,False,
15-177088,False,False,True,False,False,False,
15-177089,False,False,False,False,False,False,
15-177091,False,False,False,False,True,False,
15-177092,False,False,True,False,False,False,
15-177093,False,False,False,False,True,False,
15-177102,False,False,True,False,False,False,
15-177111,False,False,False,False,True,False,
15-177113,False,False,True,False,False,False,
15-177120,False,False,False,False,False,False,
15-177123,False,False,False,False,True,False,
15-177124,True,False,False,False,False,False,
15-177131,False,False,True,False,False,False,
15-177133,False,False,False,False,True,False,
15-177136,False,False,True,False,False,False,
15-177142,False,False,False,False,False,False,
15-177143,False,False,False,False,True,False,
15-177145,False,False,False,False,True,False,
15-177148,False,False,True,False,False,False,
15-177152,False,False,True,False,False,False,
15-177153,False,False,True,False,False,False,
15-177155,False,False,False,False,True,False,
15-177161,False,False,True,False,False,False,
15-177170,False,False,True,False,False,False,
15-177172,False,False,True,False,False,False,
15-177173,False,False,False,False,True,False,
15-177175,False,False,True,False,False,False,
15-177176,False,False,False,False,True,False,
15-144225,False,False,True,False,False,False,
15-177179,False,False,False,False,False,False,
15-177181,False,False,False,False,True,False,
15-177183,False,False,False,False,False,False,Etablissement Public
15-177189,False,False,False,False,False,False,collectivité territoriale
15-177195,False,False,False,False,True,False,
15-177196,False,False,False,False,True,False,
15-177197,False,False,False,False,True,False,
15-177201,False,False,True,False,False,False,
15-177204,False,False,True,False,False,False,
15-177206,False,False,True,False,False,False,
15-177208,False,False,False,False,False,False,Association loi de 1901
15-177209,False,False,False,False,True,False,
15-177211,False,False,False,False,True,False,
15-177215,False,False,False,True,False,False,
15-177219,False,False,False,False,False,False,
15-177222,False,False,False,False,False,False,
15-177223,False,False,True,False,False,False,
15-177227,False,False,True,False,False,False,
15-177228,False,False,True,False,False,False,
15-177230,False,False,False,False,False,False,
15-177232,False,False,False,False,False,False,Etablissement public administratif
15-177240,False,False,False,False,False,False,
15-177241,False,False,True,False,False,False,
15-177243,False,False,False,False,False,False,
15-177247,False,False,True,False,False,False,
15-177249,False,False,False,False,True,False,
15-177250,False,False,False,False,True,False,
15-177252,False,False,True,False,False,False,
15-177253,False,False,False,False,True,False,
15-177255,False,False,False,False,False,False,Communauté de communes
15-177257,False,False,False,False,True,False,
15-177258,False,False,True,False,False,False,
15-177261,False,False,True,False,False,False,
15-177262,False,False,False,False,True,False,
15-177264,True,False,False,False,False,False,
15-177265,False,False,True,False,False,False,
15-177267,False,False,True,False,False,False,
15-177271,False,False,True,False,False,False,
15-177273,False,False,True,False,False,False,
15-177274,False,False,False,False,True,False,
15-177277,False,False,False,False,False,False,epic
15-177278,False,False,True,False,False,False,
15-177283,False,False,False,False,True,False,
15-177284,False,False,True,False,False,False,
15-177287,True,False,False,False,False,False,
15-177289,False,False,False,False,True,False,
15-177293,True,False,False,False,False,False,
15-177294,False,False,False,False,False,False,
15-177297,False,False,True,False,False,False,
15-177304,False,False,False,False,True,False,
15-177305,True,False,False,False,False,False,
15-177306,False,False,True,False,False,False,
15-177307,False,False,True,False,False,False,
15-177312,False,False,True,False,False,False,
15-177313,False,False,True,False,False,False,
15-177314,False,False,True,False,False,False,
15-177317,False,False,False,False,False,False,EPCI
15-177320,False,False,False,False,True,False,
15-177321,False,False,True,False,False,False,
15-177327,False,False,False,False,False,False,
15-177330,False,False,True,False,False,False,
15-177333,False,False,False,False,False,False,
15-177334,False,False,False,False,False,False,
15-177337,False,False,False,False,False,False,EPCI
15-177343,True,False,False,False,False,False,
15-177344,True,False,False,False,False,False,
15-177347,True,False,False,False,False,False,
15-177354,False,False,False,False,False,False,
15-177367,False,False,True,False,False,False,
15-177371,False,False,False,False,True,False,
15-177372,False,False,False,False,False,False,
15-177376,False,False,False,False,True,False,
15-177378,False,False,True,False,False,False,
15-177380,True,False,False,False,False,False,
15-177381,False,False,False,False,False,False,
15-177384,False,False,True,False,False,False,
15-177385,False,False,True,False,False,False,
15-177386,False,False,True,False,False,False,
15-177388,False,False,False,False,False,False,
15-177392,False,False,False,False,False,False,SAEM
15-177393,False,False,True,False,False,False,
15-177394,False,False,False,False,False,False,etablissement de santé
15-177399,True,False,False,False,False,False,
15-177402,False,False,True,False,False,False,
15-177409,False,False,True,False,False,False,
15-177414,True,False,False,False,False,False,
15-177416,False,False,True,False,False,False,
15-177418,False,False,True,False,False,False,
15-177430,False,False,False,False,False,False,MEDDE
15-177431,False,False,True,False,False,False,
15-177432,False,False,True,False,False,False,
15-177438,False,False,True,False,False,False,
15-177442,False,False,False,False,False,False,Etablissement public de santé
15-177444,False,False,False,False,True,False,
15-177449,False,False,False,False,True,False,
15-177453,False,False,True,False,False,False,
15-177459,False,False,False,False,False,False,
15-177461,False,False,False,False,False,False,Etablissement public territorial
15-177463,False,False,False,False,False,False,
15-142481,False,False,True,False,False,False,
15-177469,False,False,False,False,True,False,
15-177478,False,False,False,False,False,False,
15-177482,False,False,False,False,True,False,
15-177488,True,False,False,False,False,False,
15-177492,False,False,False,False,True,False,
15-177493,False,False,True,False,False,False,
15-177508,False,False,False,False,False,False,
15-177515,False,False,False,False,True,False,
15-177517,False,False,True,False,False,False,
15-177520,False,False,False,False,False,False,Etablissement Public Local
15-177521,True,False,False,False,False,False,
15-177551,False,False,True,False,False,False,
15-177552,True,False,False,False,False,False,
15-177553,False,False,False,False,False,False,
15-177554,False,False,False,False,True,False,
15-177563,False,False,True,False,False,False,
15-177569,False,False,False,False,True,False,
15-177576,False,False,True,False,False,False,
15-177584,False,False,True,False,False,False,
15-177587,False,False,True,False,False,False,
15-177591,False,False,False,False,False,False,
15-177592,False,False,False,False,True,False,
15-177594,False,False,True,False,False,False,
15-177596,False,False,False,True,False,False,
15-177601,False,False,True,False,False,False,
15-177603,False,False,False,False,False,False,
15-177607,False,False,True,False,False,False,
15-177612,False,False,False,False,True,False,
15-177615,True,False,False,False,False,False,
15-177618,False,False,False,False,True,False,
15-160116,False,False,False,False,False,False,
15-177631,False,False,True,False,False,False,
15-177638,False,False,True,False,False,False,
15-177641,False,False,False,False,True,False,
15-177645,False,False,False,False,False,False,
15-177646,False,False,True,False,False,False,
15-177657,False,False,True,False,False,False,
15-177658,False,False,True,False,False,False,
15-177665,False,False,True,False,False,False,
15-177666,False,False,True,False,False,False,
15-177672,True,False,False,False,False,False,
15-177676,False,False,False,False,True,False,
15-177678,False,False,False,False,True,False,
15-177680,False,False,True,False,False,False,
15-177682,False,False,False,False,False,False,
15-177696,False,False,True,False,False,False,
15-177698,False,False,False,False,False,False,Etablissement public national administratif
15-177705,False,False,True,False,False,False,
15-177706,False,False,False,False,True,False,
15-177709,False,False,False,False,True,False,
15-177717,False,False,True,False,False,False,
15-177719,False,False,True,False,False,False,
15-155022,False,False,False,False,False,False,
15-177727,False,False,False,False,True,False,
15-177730,False,False,False,False,True,False,
15-177733,False,False,False,False,True,False,
15-177734,False,False,False,False,True,False,
15-177737,False,False,False,False,True,False,
15-177747,False,False,True,False,False,False,
15-177748,False,False,False,False,True,False,
15-177754,False,False,False,False,True,False,
15-177757,True,False,False,False,False,False,
15-177761,False,False,True,False,False,False,
15-177766,False,False,True,False,False,False,
15-177767,False,False,False,False,False,False,
15-177771,False,False,True,False,False,False,
15-177772,False,False,False,False,True,False,
15-142580,False,False,False,False,False,False,
15-177780,False,False,True,False,False,False,
15-177792,True,False,False,False,False,False,
15-177798,False,False,False,False,True,False,
15-177800,False,False,True,False,False,False,
15-177801,False,False,False,False,False,False,
15-177806,False,False,True,False,False,False,
15-177816,False,False,False,False,True,False,
15-177826,False,False,True,False,False,False,
15-177827,False,False,True,False,False,False,
15-177830,False,False,True,False,False,False,
15-177832,True,False,False,False,False,False,
15-177837,False,False,True,False,False,False,
15-177838,True,False,False,False,False,False,
15-177840,False,False,False,False,False,False,
15-177844,False,False,True,False,False,False,
15-177847,False,False,True,False,False,False,
15-177848,False,False,False,False,False,False,
15-177849,False,False,False,False,False,False,centre hospitalier
15-177852,False,False,True,False,False,False,
15-145717,False,False,False,False,True,False,
15-177862,False,False,True,False,False,False,
15-177864,False,False,False,False,True,False,
15-177865,False,False,True,False,False,False,
15-177866,False,False,False,False,True,False,
15-177868,False,False,True,False,False,False,
15-177869,True,False,False,False,False,False,
15-177873,False,False,False,False,False,False,
15-177874,False,False,True,False,False,False,
15-177881,False,False,True,False,False,False,
15-177882,True,False,False,False,False,False,
15-177892,False,False,False,False,False,False,
15-177894,True,False,False,False,False,False,
15-177897,False,False,False,False,False,False,
15-159299,False,False,False,False,False,False,
15-177901,False,False,True,False,False,False,
15-177902,False,False,False,False,False,False,
15-177906,False,False,True,False,False,False,
15-177909,False,False,False,False,False,False,
15-177913,False,False,False,False,False,False,Etablissement public autonome
15-143659,False,False,False,False,False,False,
15-177925,False,False,False,False,True,False,
15-177927,True,False,False,False,False,False,
15-177932,False,False,True,False,False,False,
15-177941,False,False,False,False,True,False,
15-177942,False,False,True,False,False,False,
15-177946,False,False,False,False,False,False,etablissement public autonome
15-177952,False,False,True,False,False,False,
15-177954,False,False,True,False,False,False,
15-177955,False,False,True,False,False,False,
15-177965,True,False,False,False,False,False,
15-177974,False,False,False,False,False,False,etablissement public autonome
15-177980,False,False,False,False,False,False,
15-177983,False,False,False,False,True,False,
15-177984,True,False,False,False,False,False,
15-177985,True,False,False,False,False,False,
15-177991,True,False,False,False,False,False,
15-177993,False,False,False,False,False,False,
15-144460,False,False,True,False,False,False,
15-178003,False,False,True,False,False,False,
15-178004,False,False,True,False,False,False,
15-178009,False,False,False,False,True,False,
15-178010,False,False,True,False,False,False,
15-178013,False,False,False,False,True,False,
15-178016,False,False,False,False,True,False,
15-159201,False,False,True,False,False,False,
15-178019,False,False,False,False,False,False,
15-178020,False,False,False,False,False,False,Communauté d'agglomération
15-178028,False,False,False,False,True,False,
15-178033,False,False,False,False,False,False,
15-178037,False,False,False,False,True,False,
15-178040,False,False,False,False,True,False,
15-178043,False,False,False,False,False,False,
15-143077,False,False,True,False,False,False,
15-178054,False,False,False,False,False,False,
15-178058,False,False,False,False,False,False,Centre Hospitalier
15-178063,False,False,False,False,False,False,Etablissement public autonome
15-178067,False,False,True,False,False,False,
15-178070,False,False,True,False,False,False,
15-178072,False,False,True,False,False,False,
15-178076,False,False,True,False,False,False,
15-178083,False,False,True,False,False,False,
15-178085,False,False,True,False,False,False,
15-117507,False,False,True,False,False,False,
15-178093,False,False,False,False,True,False,
15-178096,False,False,False,False,True,False,
15-178100,False,False,True,False,False,False,
15-178101,True,False,False,False,False,False,
15-178103,False,False,False,False,False,False,
15-178104,True,False,False,False,False,False,
15-178107,False,False,False,False,False,False,etablissement public autonome
15-178109,False,False,True,False,False,False,
15-178115,False,False,True,False,False,False,
15-178116,False,True,False,False,False,False,
15-178117,False,False,True,False,False,False,
15-178125,False,False,True,False,False,False,
15-178126,True,False,False,False,False,False,
15-178127,False,False,True,False,False,False,
15-178131,False,False,False,False,True,False,
15-178132,True,False,False,False,False,False,
15-178136,False,False,True,False,False,False,
15-178138,False,False,True,False,False,False,
15-178142,False,False,False,False,False,False,EPS
15-178147,False,False,True,False,False,False,
15-178149,False,False,False,False,False,False,Département de Seine-Maritime
15-178162,False,False,True,False,False,False,
15-178167,False,False,True,False,False,False,
15-178173,False,False,True,False,False,False,
15-178175,True,False,False,False,False,False,
15-158536,False,False,False,False,True,False,
15-178180,False,False,False,False,True,False,
15-178184,True,False,False,False,False,False,
15-178185,True,False,False,False,False,False,
15-178186,False,False,False,False,False,False,EPS
15-178190,False,False,False,False,False,False,
15-178191,False,False,False,False,True,False,
15-178195,False,False,False,False,False,False,
15-178205,True,False,False,False,False,False,
15-178210,False,False,False,False,False,False,
15-178211,False,False,True,False,False,False,
15-178212,False,False,False,False,False,False,
15-178217,False,False,True,False,False,False,
15-178220,False,False,False,False,False,False,
15-178223,False,False,False,False,False,False,
15-178224,False,False,False,False,False,False,
15-178230,False,False,True,False,False,False,
15-178234,False,False,False,False,True,False,
15-178236,False,False,False,False,False,False,
15-178237,False,False,False,False,False,False,
15-178240,False,False,False,False,False,False,Services généraux des administrations publiques
15-178242,False,False,False,False,False,False,
15-178245,False,False,True,False,False,False,
15-178247,False,False,False,False,True,False,
15-178250,False,False,False,False,False,False,
15-178252,False,False,True,False,False,False,
15-178253,False,False,True,False,False,False,
15-178256,False,False,True,False,False,False,
15-178261,False,False,True,False,False,False,
15-178263,False,False,False,False,True,False,
15-178264,False,False,True,False,False,False,
15-178272,False,False,False,False,False,False,
15-178273,False,False,True,False,False,False,
15-178275,False,False,True,False,False,False,
15-178285,False,False,True,False,False,False,
15-178289,False,False,False,False,False,False,Université de Franche-Comté
15-178291,False,False,False,False,True,False,
15-178309,False,False,False,False,False,False,
15-178318,False,False,True,False,False,False,
15-178319,False,False,False,False,True,False,
15-178322,False,False,False,False,False,False,EPCI
15-178323,False,False,False,False,False,False,Société d'Economie Mixte
15-178325,False,False,False,False,False,True,
15-178329,False,False,False,False,True,False,
15-178335,False,False,False,False,True,False,
15-178337,False,False,False,False,True,False,
15-178341,True,False,False,False,False,False,
15-178342,False,False,False,False,False,False,
15-178343,False,False,False,False,False,False,
15-178344,False,False,False,False,True,False,
15-178348,False,False,True,False,False,False,
15-178352,False,False,False,False,True,False,
15-178362,False,False,False,False,True,False,
15-178363,False,False,True,False,False,False,
15-178365,True,False,False,False,False,False,
15-178366,False,False,False,False,False,False,
15-158978,False,False,False,False,True,False,
15-178375,False,False,False,False,True,False,
15-143530,False,False,False,False,True,False,
15-178378,False,False,True,False,False,False,
15-178381,False,False,True,False,False,False,
15-178382,True,False,False,False,False,False,
15-178389,False,False,False,False,True,False,
15-178392,True,False,False,False,False,False,
15-178399,False,False,False,False,True,False,
15-178402,False,False,True,False,False,False,
15-143435,False,False,False,False,True,False,
15-178405,False,False,False,False,True,False,
15-178410,True,False,False,False,False,False,
15-178417,False,False,False,False,True,False,
15-143510,True,False,False,False,False,False,
15-159557,False,False,True,False,False,False,
15-178428,False,False,False,True,False,False,
15-178432,False,False,True,False,False,False,
15-178434,False,False,True,False,False,False,
15-178441,False,False,True,False,False,False,
15-178442,False,False,False,False,True,False,
15-178446,False,False,False,False,True,False,
15-178450,False,False,True,False,False,False,
15-178456,False,False,False,False,False,False,
15-178457,False,False,False,False,True,False,
15-178468,True,False,False,False,False,False,
15-178469,False,False,False,False,True,False,
15-178471,False,False,False,False,False,False,
15-178472,False,False,False,False,True,False,
15-178481,False,False,False,False,False,False,
15-178488,True,False,False,False,False,False,
15-178494,False,False,False,False,True,False,
15-159548,False,False,False,False,False,False,
15-178498,False,False,True,False,False,False,
15-178499,False,False,True,False,False,False,
15-158514,False,False,False,False,True,False,
15-143280,False,False,False,False,True,False,
15-178509,False,False,True,False,False,False,
15-178511,True,False,False,False,False,False,
15-178515,False,False,False,False,False,False,Etablissement public local
15-178522,False,False,True,False,False,False,
15-178523,False,False,False,False,False,False,
15-178525,False,False,True,False,False,False,
15-178531,False,False,True,False,False,False,
15-178538,False,False,False,False,True,False,
15-159726,False,False,False,False,True,False,
15-178548,False,False,True,False,False,False,
15-178550,False,False,True,False,False,False,
15-178556,False,False,False,False,True,False,
15-178558,False,False,True,False,False,False,
15-178562,False,False,True,False,False,False,
15-178564,False,False,True,False,False,False,
15-178565,False,False,False,False,False,False,Université de Franche-Comté
15-178568,False,False,True,False,False,False,
15-141018,False,False,True,False,False,False,
15-144644,False,False,False,False,True,False,
15-178577,False,False,True,False,False,False,
15-178579,False,False,True,False,False,False,
15-178580,False,False,False,False,True,False,
15-178585,False,False,True,False,False,False,
15-178586,False,False,True,False,False,False,
15-178591,False,False,True,False,False,False,
15-178597,False,False,False,False,True,False,
15-178606,False,False,False,False,True,False,
15-178607,False,False,False,False,True,False,
15-178620,False,False,False,False,True,False,
15-178621,False,False,False,False,True,False,
15-178624,False,False,True,False,False,False,
15-178631,False,False,False,False,True,False,
15-178635,False,False,False,False,True,False,
15-178636,False,False,False,False,True,False,
15-178637,False,False,False,False,True,False,
15-178639,False,False,False,False,True,False,
15-178642,False,False,True,False,False,False,
15-178644,False,False,False,False,False,False,
15-178648,False,False,False,False,False,False,SEM
15-143649,False,False,False,False,True,False,
15-178664,False,False,True,False,False,False,
15-178672,False,False,False,False,True,False,
15-178676,False,False,True,False,False,False,
15-178679,False,False,False,False,True,False,
15-178686,True,False,False,False,False,False,
15-178687,False,False,True,False,False,False,
15-178691,False,False,False,False,False,False,
15-178697,False,False,False,False,True,False,
15-178698,False,False,False,False,True,False,
15-178699,False,False,False,False,True,False,
15-178704,False,False,True,False,False,False,
15-178706,False,False,True,False,False,False,
15-178709,False,False,False,False,True,False,
15-178713,False,False,False,False,False,False,
15-178722,False,False,False,False,True,False,
15-178725,False,False,False,False,True,False,
15-178730,False,False,False,False,True,False,
15-178731,False,False,True,False,False,False,
15-178732,False,False,True,False,False,False,
15-178738,False,False,True,False,False,False,
15-178742,False,False,False,False,False,False,
15-143778,False,False,False,False,True,False,
15-178755,False,False,True,False,False,False,
15-178761,False,False,False,False,False,False,OPH
15-178762,False,True,False,False,False,False,
15-178763,False,False,False,False,True,False,
15-178771,True,False,False,False,False,False,
15-178777,False,False,True,False,False,False,
15-178778,False,False,False,False,True,False,
15-178784,False,False,False,False,False,False,
15-178787,False,False,True,False,False,False,
15-178790,False,False,False,False,False,False,
15-178791,False,False,False,False,True,False,
15-178804,False,False,False,False,False,False,
15-178807,False,False,True,False,False,False,
15-178809,False,False,False,False,False,False,collectivité territoriale
15-178812,False,False,False,False,True,False,
15-178813,False,False,True,False,False,False,
15-178823,False,False,False,False,True,False,
15-178826,False,False,False,False,False,False,
15-178827,False,False,False,False,False,False,
15-178829,False,False,False,False,True,False,
15-178830,False,False,False,False,False,False,
15-178836,False,False,False,False,True,False,
15-178837,False,False,True,False,False,False,
15-178839,False,False,False,False,False,False,
15-160302,False,False,True,False,False,False,
15-178846,True,False,False,False,False,False,
15-178852,False,False,True,False,False,False,
15-178853,False,False,True,False,False,False,
15-178863,False,False,False,False,True,False,
15-178865,True,False,False,False,False,False,
15-178868,False,False,False,False,True,False,
15-178873,False,False,False,False,True,False,
15-178877,False,False,False,False,True,False,
15-178879,False,False,True,False,False,False,
15-178880,False,False,True,False,False,False,
15-178881,False,False,True,False,False,False,
15-178882,False,False,True,False,False,False,
15-178884,False,False,True,False,False,False,
15-178886,True,False,False,False,False,False,
15-178889,False,False,True,False,False,False,
15-178894,False,False,False,True,False,False,
15-178901,False,False,False,True,False,False,
15-178906,False,False,False,False,False,False,
15-143488,False,False,True,False,False,False,
15-178912,False,False,True,False,False,False,
15-178915,False,False,True,False,False,False,
15-178916,False,False,False,False,False,False,
15-178921,True,False,False,False,False,False,
15-178930,False,False,False,False,True,False,
15-178933,False,False,True,False,False,False,
15-178934,False,False,True,False,False,False,
15-178939,False,False,False,False,False,False,
15-178942,False,False,False,False,True,False,
15-178946,True,False,False,False,False,False,
15-178947,False,False,False,False,True,False,
15-178950,False,False,False,False,True,False,
15-178957,False,False,False,False,True,False,
15-178960,False,False,False,False,False,False,
15-178961,True,False,False,False,False,False,
15-178965,False,False,False,False,True,False,
15-178969,False,False,True,False,False,False,
15-178970,True,False,False,False,False,False,
15-178971,False,False,False,False,True,False,
15-178982,False,False,False,False,False,False,
15-178983,False,False,True,False,False,False,
15-178986,False,False,True,False,False,False,
15-178987,False,False,True,False,False,False,
15-178991,False,False,False,True,False,False,
15-178995,False,False,False,True,False,False,
15-178997,False,False,False,False,False,False,établissement de santé privé d'intérêt collectif
15-178999,True,False,False,False,False,False,
15-179002,True,False,False,False,False,False,
15-179004,False,False,False,False,True,False,
15-179010,False,False,False,False,True,False,
15-179016,False,False,False,False,True,False,
15-179021,False,False,False,False,True,False,
15-179025,True,False,False,False,False,False,
15-179029,False,False,False,False,True,False,
15-179031,False,False,False,False,False,False,OPH
15-179032,False,True,False,False,False,False,
15-179033,False,False,True,False,False,False,
15-179044,False,False,True,False,False,False,
15-179045,False,False,True,False,False,False,
15-179051,False,False,True,False,False,False,
15-179056,False,False,False,False,True,False,
15-179059,True,False,False,False,False,False,
15-179067,False,False,False,False,False,False,
15-179069,False,False,False,False,False,False,Assemblée parlementaire
15-179070,False,False,False,False,False,False,autre
15-179078,False,False,False,True,False,False,
15-179079,True,False,False,False,False,False,
15-179084,False,False,True,False,False,False,
15-144890,False,True,False,False,False,False,
15-179095,False,False,False,False,False,False,
15-179097,True,False,False,False,False,False,
15-179100,False,False,False,False,True,False,
15-179105,False,False,False,False,True,False,
15-179107,False,False,True,False,False,False,
15-179112,False,False,False,False,True,False,
15-160616,True,False,False,False,False,False,
15-179119,True,False,False,False,False,False,
15-179122,False,False,False,False,False,False,
15-179125,True,False,False,False,False,False,
15-179127,False,False,True,False,False,False,
15-179129,False,False,True,False,False,False,
15-179132,False,False,True,False,False,False,
15-179133,False,False,True,False,False,False,
15-179134,False,False,True,False,False,False,
15-179135,False,False,False,False,True,False,
15-144959,False,False,False,False,True,False,
15-179144,False,False,True,False,False,False,
15-179147,False,False,True,False,False,False,
15-179158,False,False,False,False,False,False,
15-179162,False,False,True,False,False,False,
15-143871,False,False,False,False,False,False,
15-179185,False,False,False,False,True,False,
15-179188,False,False,False,False,False,False,
15-179191,False,False,True,False,False,False,
15-179195,False,False,True,False,False,False,
15-179201,False,False,True,False,False,False,
15-179206,False,False,False,False,True,False,
15-179210,False,False,True,False,False,False,
15-179214,False,False,False,False,True,False,
15-179224,False,False,False,False,True,False,
15-179225,False,False,True,False,False,False,
15-142209,False,False,True,False,False,False,
15-179227,True,False,False,False,False,False,
15-179234,False,False,True,False,False,False,
15-179238,False,False,False,False,True,False,
15-179240,False,False,True,False,False,False,
15-179244,False,False,False,False,True,False,
15-179248,True,False,False,False,False,False,
15-179250,False,False,True,False,False,False,
15-179255,False,False,False,False,True,False,
15-179256,False,False,True,False,False,False,
15-179262,False,False,False,False,True,False,
15-179272,False,False,False,False,True,False,
15-179275,False,False,True,False,False,False,
15-179280,False,False,False,False,True,False,
15-179287,True,False,False,False,False,False,
15-179298,False,False,True,False,False,False,
15-179306,False,False,False,False,False,False,Centre hospitalier
15-179307,True,False,False,False,False,False,
15-179309,False,False,True,False,False,False,
15-179310,False,False,False,False,False,False,Santé
15-179311,False,False,False,False,False,False,
15-179312,False,False,False,False,True,False,
15-179313,False,False,True,False,False,False,
15-179319,False,False,False,False,False,False,
15-179329,True,False,False,False,False,False,
15-179343,False,False,False,False,True,False,
15-179349,False,False,True,False,False,False,
15-179354,False,False,False,False,True,False,
15-179355,False,False,False,False,True,False,
15-179359,False,False,False,False,False,False,
15-179367,True,False,False,False,False,False,
15-179372,False,False,False,False,False,False,
15-179375,False,False,True,False,False,False,
15-179377,False,False,False,False,True,False,
15-179382,False,False,False,False,False,False,etablissement public autonome
15-179388,False,False,False,False,False,False,Assemblée parlementaire
15-179391,False,False,False,False,True,False,
15-179395,False,False,True,False,False,False,
15-179400,False,False,True,False,False,False,
15-179409,False,False,False,False,False,False,
15-179414,False,False,False,False,True,False,
15-179415,False,False,False,False,True,False,
15-179416,False,False,False,False,True,False,
15-179424,False,False,True,False,False,False,
15-179425,True,False,False,False,False,False,
15-179429,False,False,False,False,False,False,EPCI
15-179430,False,False,False,False,False,False,établissement public départemental
15-179432,False,False,True,False,False,False,
15-179437,False,False,False,False,True,False,
15-179439,False,False,False,False,True,False,
15-179444,False,False,False,False,False,False,bailleur social
15-179445,False,False,True,False,False,False,
15-179462,False,False,False,False,True,False,
15-179464,True,False,False,False,False,False,
15-179469,False,False,True,False,False,False,
15-179471,False,False,False,False,True,False,
15-179486,False,False,True,False,False,False,
15-179487,False,False,True,False,False,False,
15-179491,True,False,False,False,False,False,
15-179493,False,False,True,False,False,False,
15-179507,False,False,False,False,False,False,
15-179508,False,False,True,False,False,False,
15-179511,False,False,False,False,True,False,
15-179520,False,False,False,False,True,False,
15-179523,False,False,False,False,False,False,
15-179527,False,False,True,False,False,False,
15-179528,False,False,True,False,False,False,
15-179529,False,False,False,False,True,False,
15-179532,False,False,True,False,False,False,
15-179533,True,False,False,False,False,False,
15-179536,False,False,True,False,False,False,
15-179539,True,False,False,False,False,False,
15-179542,False,False,False,False,True,False,
15-179545,False,False,True,False,False,False,
15-179546,False,False,False,False,True,False,
15-179548,False,False,True,False,False,False,
15-179551,True,False,False,False,False,False,
15-179559,True,False,False,False,False,False,
15-179560,False,False,False,False,False,False,CHU
15-179563,False,False,False,False,False,False,etablissement public autonome
15-179568,False,False,False,False,False,False,
15-179569,False,False,False,False,True,False,
15-179571,False,False,False,False,True,False,
15-179573,False,False,False,False,True,False,
15-179575,False,False,False,False,False,False,Etablissement public autonome
15-179581,False,False,False,False,False,False,
15-179583,False,False,False,False,False,False,EPS
15-179586,False,False,False,False,True,False,
15-179591,False,False,False,False,False,False,etablissement public autonome
15-179597,False,False,False,False,False,False,autre
15-179602,False,False,False,False,False,False,
15-179606,False,False,False,False,False,False,
15-179609,False,False,False,False,False,False,etablissement public autonome
15-179618,False,False,False,False,True,False,
15-179622,True,False,False,False,False,False,
15-179625,False,False,True,False,False,False,
15-179626,False,False,False,False,True,False,
15-179633,False,False,False,False,True,False,
15-179640,False,False,True,False,False,False,
15-179641,False,False,False,True,False,False,
15-179643,False,False,True,False,False,False,
15-179648,False,False,True,False,False,False,
15-179649,False,False,True,False,False,False,
15-179660,False,False,False,False,True,False,
15-179663,False,False,True,False,False,False,
15-179667,False,False,False,False,True,False,
15-179671,False,False,False,False,True,False,
15-179672,False,False,False,False,True,False,
15-179674,False,False,True,False,False,False,
15-179677,False,False,False,False,True,False,
15-179679,False,False,True,False,False,False,
15-179681,False,False,False,False,True,False,
15-179682,False,False,True,False,False,False,
15-179685,False,False,False,False,False,False,
15-179687,False,False,True,False,False,False,
15-179690,False,False,False,False,True,False,
15-179694,False,False,False,False,True,False,
15-179699,False,False,True,False,False,False,
15-179701,False,False,False,False,False,False,
15-179703,False,False,True,False,False,False,
15-179711,False,False,False,False,False,False,
15-145724,False,False,False,False,False,False,autre
15-179731,False,False,True,False,False,False,
15-179735,False,False,True,False,False,False,
15-179739,False,False,True,False,False,False,
15-179746,False,False,True,False,False,False,
15-179748,False,False,False,False,False,False,SA d'HLM
15-179753,False,False,True,False,False,False,
15-162113,False,False,False,False,True,False,
15-179759,False,False,False,False,True,False,
15-179763,False,False,False,True,False,False,
15-179766,False,False,False,False,False,False,EPST
15-179778,False,False,False,False,True,False,
15-179783,False,False,False,False,False,False,
15-179785,False,False,True,False,False,False,
15-179787,False,False,False,False,False,False,Lycée
15-179789,False,False,False,False,False,False,Association loi de 1901
15-179798,False,False,False,False,True,False,
15-179800,False,False,False,False,False,False,CCI
15-179805,False,False,True,False,False,False,
15-179806,False,False,False,False,False,False,
15-179808,False,False,False,False,True,False,
15-179810,False,False,True,False,False,False,
15-179811,False,False,True,False,False,False,
15-179812,False,False,True,False,False,False,
15-179813,False,False,True,False,False,False,
15-179815,False,False,False,True,False,False,
15-179816,False,False,False,False,True,False,
15-179820,True,False,False,False,False,False,
15-179821,False,False,True,False,False,False,
15-145596,False,False,True,False,False,False,
15-179826,False,False,False,False,False,False,Etablissement Public
15-179830,True,False,False,False,False,False,
15-179831,False,False,False,False,False,False,
15-179832,False,False,False,False,True,False,
15-179845,False,False,True,False,False,False,
15-179846,False,False,False,False,True,False,
15-179857,True,False,False,False,False,False,
15-179858,False,False,True,False,False,False,
15-179859,False,False,False,False,False,False,
15-179873,False,False,True,False,False,False,
15-179875,False,False,False,False,True,False,
15-179876,True,False,False,False,False,False,
15-179883,False,False,False,False,True,False,
15-179888,False,False,True,False,False,False,
15-179902,True,False,False,False,False,False,
15-179905,False,False,False,False,True,False,
15-179907,True,False,False,False,False,False,
15-179911,True,False,False,False,False,False,
15-179912,False,False,False,False,True,False,
15-179916,False,False,True,False,False,False,
15-179933,False,False,False,False,False,False,
15-179934,True,False,False,False,False,False,
15-179935,False,False,True,False,False,False,
15-179938,False,False,True,False,False,False,
15-145819,False,False,True,False,False,False,
15-179947,False,False,False,False,True,False,
15-179950,False,False,True,False,False,False,
15-179953,False,False,True,False,False,False,
15-179958,False,False,False,False,False,False,etablissement public de santé
15-179961,False,False,False,False,True,False,
15-179962,False,False,True,False,False,False,
15-179963,False,False,True,False,False,False,
15-179976,False,False,False,False,False,False,EPIC ordonnance 6 juin 2005
15-179978,True,False,False,False,False,False,
15-179985,False,False,False,False,True,False,
15-146547,True,False,False,False,False,False,
15-180001,False,False,True,False,False,False,
15-180002,False,False,True,False,False,False,
15-161934,False,False,False,False,True,False,
15-180007,False,False,True,False,False,False,
15-162195,False,False,True,False,False,False,
15-180013,False,False,False,False,False,False,Etablissement médico-social
15-180016,False,False,False,False,False,False,
15-180019,False,False,False,False,False,False,Etablissement public de santé
15-180050,False,False,False,False,False,False,
15-146229,False,False,False,False,False,False,
15-180066,False,False,False,False,True,False,
15-180067,False,False,False,False,True,False,
15-180071,False,False,False,False,False,False,
15-180072,False,False,False,False,True,False,
15-180073,False,False,True,False,False,False,
15-180075,False,False,True,False,False,False,
15-144435,False,False,True,False,False,False,
15-180085,False,False,True,False,False,False,
15-180091,False,False,True,False,False,False,
15-180092,False,False,False,False,True,False,
15-180093,False,False,False,False,True,False,
15-180094,False,False,False,False,False,False,
15-180098,False,False,True,False,False,False,
15-180100,False,False,False,False,False,False,EPCI
15-180105,False,False,True,False,False,False,
15-180107,False,False,True,False,False,False,
15-180109,False,False,False,False,False,False,
15-180111,True,False,False,False,False,False,
15-180116,False,False,True,False,False,False,
15-180123,False,False,True,False,False,False,
15-180131,False,False,True,False,False,False,
15-180133,False,False,True,False,False,False,
15-180143,False,False,True,False,False,False,
15-180147,False,False,False,False,False,False,autre
15-180151,False,False,True,False,False,False,
15-180154,False,False,False,False,False,False,
15-180160,False,False,False,False,False,False,
15-180162,True,False,False,False,False,False,
15-180167,False,False,True,False,False,False,
15-145809,False,False,False,False,True,False,
15-180178,False,False,True,False,False,False,
15-180185,False,False,False,False,True,False,
15-180188,True,False,False,False,False,False,
15-180189,False,False,True,False,False,False,
15-180205,False,False,True,False,False,False,
15-180208,False,False,True,False,False,False,
15-180215,False,False,True,False,False,False,
15-180217,False,False,False,False,False,False,
15-180222,False,False,False,False,False,False,
15-180225,False,False,True,False,False,False,
15-180228,True,False,False,False,False,False,
15-180229,False,False,True,False,False,False,
15-180231,False,False,False,False,False,False,Communauté de communes
15-180234,True,False,False,False,False,False,
15-180242,True,False,False,False,False,False,
15-180243,False,False,False,False,True,False,
15-180253,False,False,False,False,True,False,
15-180256,False,False,True,False,False,False,
15-180266,False,False,True,False,False,False,
15-180267,False,False,True,False,False,False,
15-180272,False,False,False,False,True,False,
15-180274,False,False,False,False,False,False,
15-180277,False,False,False,False,True,False,
15-180284,True,False,False,False,False,False,
15-180285,False,False,False,False,False,False,établissement public à caractère administratif
15-180320,True,False,False,False,False,False,
15-180321,True,False,False,False,False,False,
15-180340,False,False,True,False,False,False,
15-180344,False,False,False,False,True,False,
15-180351,False,False,True,False,False,False,
15-180381,True,False,False,False,False,False,
15-180408,False,False,True,False,False,False,
15-180422,False,False,True,False,False,False,
15-145507,False,False,True,False,False,False,
15-180448,True,False,False,False,False,False,
15-180480,False,False,False,False,False,False,
15-19692,False,False,False,False,True,False,
15-21885,False,False,True,False,False,False,
15-26685,True,False,False,False,False,False,
15-43323,False,False,False,False,True,False,
15-49006,False,False,True,False,False,False,
15-52678,False,True,False,False,False,False,
15-55484,False,False,False,False,False,False,société anonyme à conseil d'administration
15-74753,True,False,False,False,False,False,
15-83696,False,False,False,False,True,False,
15-83965,False,False,False,False,True,False,
15-141452,False,False,False,False,False,False,Société d'Economie Mixte
15-98029,False,False,True,False,False,False,
15-98398,False,False,False,False,True,False,
15-98636,False,False,True,False,False,False,
15-99593,False,False,False,False,False,False,EPSCP
